period,gclock,sclock,x,y,made,three,dist
1,34.119,8,3.9,9.16,0,0,15.897
1,491.679,14,28.93,13.5,1,1,26.324
2,656.28,17,8.06,21.62,0,0,4.395
2,555.88,14,6.04,19.75,0,0,5.309
2,497.72,20,24.45,40.26,0,1,24.525
3,675.559,11,87.2,23.34,1,0,2.271
3,658.039,18,63.57,28.51,1,1,25.423
3,607.239,7,74.55,46.42,0,1,25.699
3,435.92,17,86.43,41.21,1,0,16.375
4,657.479,15,86.11,29.16,0,0,4.926
4,580.559,15,64.19,25.47,0,1,24.564
4,456.64,20,64.21,17.5,0,1,25.66
4,423.48,14,89.76,22.01,0,0,3.155
4,350.32,6,85.48,36.96,1,0,12.398
4,314.399,17,64.5,17.5,1,1,25.383
4,257,18,88.25,25.25,1,0,0.559
4,232.119,14,88.82,26.41,1,0,1.411
4,189.24,8,64.5,33.07,0,1,25.557
4,6.28,0,77.54,3.65,0,1,24.114
1,577.039,18.04,90.15,48.42,0,1,23.461
1,396.72,18.52,85.56,47.55,0,1,22.774
1,290.959,9.08,81.4,46.49,1,0,22.712
1,271.2,13,73.55,5.52,0,1,24.708
1,227,16.48,68.49,39.52,0,1,24.925
1,120.199,11.08,90.43,23.51,1,0,2.245
1,69.12,16.36,61.93,17.31,1,1,27.9
2,268.399,13.88,64.55,21.57,1,1,24.441
2,199.559,22.64,65.868,19.221,0,0,23.6
2,144.52,19.88,70.57,5.57,0,1,26.608
3,653.159,10.24,17.63,7.47,0,0,21.46
3,397,14.24,29.5,19.55,0,1,24.854
3,243.839,17.16,6.2,22.28,1,0,2.881
3,227.52,17.2,26.13,38.48,0,1,24.853
3,149.72,13.92,6.75,22.46,0,0,2.949
3,111.76,21.64,23.5,6.79,1,1,25.781
3,81.16,17.88,19.36,3.5,0,1,25.716
3,7.88,7.88,5.96,27.89,0,0,2.975
4,71.72,11.72,6.55,1.55,1,1,23.486
1,483.839,12.44,17.21,21.21,0,0,12.546
1,408.119,16.36,29.37,30.19,1,1,24.672
1,326.88,18,21.81,29.22,1,0,17.089
1,303.6,17.88,20.64,46.55,0,1,26.481
1,82.48,17.44,7.86,29.13,0,0,4.885
1,62.2,17.56,27.35,12.35,0,1,25.464
2,394.32,12.64,30.58,18.44,0,1,26.165
2,269.119,20.76,26.07,41.05,1,1,26.288
2,252.24,20.32,29.52,18.38,1,1,25.156
3,706.119,10.12,63.46,27.36,1,1,25.399
3,591.96,14.72,89.6,19.63,0,0,5.436
3,464.799,11.04,87.54,23.25,0,0,2.127
3,373.6,5.92,87.87,23.7,0,0,1.569
3,235.759,14.4,73.35,5.17,0,1,25.107
3,206.479,11.72,63.53,26.6,1,1,25.27
3,179.639,20.96,67.142,15.508,0,0,23.6
3,160.8,19.36,88.66,2.33,0,1,22.67
4,197.16,20.96,61.75,37.4,0,1,29.711
4,121.839,13.36,87.93,21.5,1,0,3.594
4,70.959,20.04,63.69,27.51,1,1,25.185
4,44.34,18.52,87.64,22.5,1,0,2.735
1,571.359,13.6,78.39,42.05,1,0,19.95
1,480.72,12.76,72.92,5.12,0,1,25.412
1,421.679,16.16,72.27,44.74,0,1,25.714
1,293.76,20.12,88.05,26.96,0,0,2.081
1,133.199,16.92,74.4,46.43,0,1,25.79
1,22.92,9.48,65.5,13.5,0,1,25.938
2,421.92,16.6,90.34,2.14,1,1,22.915
2,309.079,18.72,64.5,16.5,0,1,25.696
2,178.52,15.96,87.34,28.09,1,0,3.396
2,131.08,8.16,85.88,2.12,0,1,23.059
2,52.919,16.24,82.3,11.07,0,0,15.35
2,25.28,16.84,73.69,46.13,0,1,25.947
3,627.119,17.12,24.69,5.09,1,1,27.826
3,367.92,9.52,13.81,24.16,0,0,8.601
3,285.519,20.92,17.38,26.53,1,0,12.226
3,208.6,8.04,9.03,15.7,1,0,10.038
3,192,21.88,33.27,35.34,0,1,29.866
3,71,21.32,22.11,7.36,0,1,24.401
3,8.659,1.6,22.94,9.5,1,0,23.519
1,645.32,18.84,26.5,12.5,0,1,24.653
1,479.64,11.64,4.55,20.5,0,0,4.554
1,454.839,18.64,5.08,28.1,0,0,3.104
1,320,6.08,4.5,26.29,1,0,1.492
1,233.8,14.6,23.5,41.5,0,1,24.603
1,220.6,15.88,11.9,47.95,0,1,23.894
1,176.24,4.28,22.5,18.5,1,0,18.434
1,106.44,20.36,5.19,24.91,0,0,0.108
1,6.78,5.4,18.24,2.76,0,1,25.755
2,80,18.72,24.49,38.1,0,0,23.276
3,710,14.04,84.62,2.23,1,1,23.141
3,506.76,19.64,85.29,25.27,1,0,3.47
3,214.88,7.32,90.33,44.45,0,0,19.514
3,162.8,8.76,88.92,19.87,1,0,5.132
3,134.24,11.28,76.93,27.93,0,0,12.177
3,77.919,8.72,90.74,0.76,1,1,24.321
3,54.119,15.96,70.64,45.5,1,1,27.353
3,29.26,21.52,64.79,9.64,0,1,28.46
4,223.32,17.68,60.5,22.5,0,1,28.36
4,188.32,11.48,67.93,10.79,0,1,25.207
4,90.199,11.8,89.88,27.73,1,0,2.954
4,33.58,5.72,63.21,15.5,1,1,27.249
1,475.679,11.52,12.65,47.68,0,1,23.856
1,406.399,16.88,17.35,23.76,1,0,12.163
1,307.359,13.72,9.83,22.64,1,0,5.152
1,279.6,15.92,10.61,48,0,1,23.616
1,213.16,17.88,7.22,24.7,1,0,1.992
1,184.399,17.04,14.74,30.44,1,0,10.938
1,123.959,19.72,30.21,24.5,0,1,24.965
1,65.199,8.76,27.64,8.93,1,1,27.56
1,12.22,4.56,22.74,8.859,0,1,23.8
2,289.92,22.24,28.5,33.5,0,1,24.755
2,243.52,7.76,32.5,15.5,0,1,28.858
2,129.679,12.76,3.46,1.96,0,1,23.109
3,552.76,18.24,70.5,8.5,0,1,24.603
3,488.92,18,85.39,19.52,0,0,6.428
3,444.119,9.56,88.26,47.97,0,1,22.975
3,282.92,9.84,89.08,28.41,0,0,3.425
3,59.2,20.04,66.5,38.5,1,1,26.025
3,30.18,18.48,64.5,13.5,1,1,26.838
4,54.84,5.72,58.36,29.5,0,1,30.721
1,532.599,13.08,19.33,3.53,1,1,25.675
1,425.32,16.96,5.99,20.96,1,0,4.107
1,231.88,13.2,7.52,46.47,1,0,21.589
1,206.88,18.12,25.5,40.19,1,1,25.314
1,181.44,17.28,4.76,26.17,0,0,1.268
1,119.08,17.64,9.92,22.95,1,0,5.1
1,79.12,8.92,9.29,11.45,1,0,14.139
2,280.239,7.56,11.88,1.95,0,1,23.984
2,228.919,9.04,4.88,25.49,1,0,0.614
2,158.679,9.52,5.4,26.35,1,0,1.358
2,74.44,20.4,36.66,28.02,0,1,31.554
3,679.08,18.6,75.07,32.5,1,0,15.601
3,275.76,13.96,65.39,33.12,1,1,24.731
3,242.72,13.84,61.16,26.73,0,1,27.644
3,216.759,11.72,89.72,24.01,1,0,1.386
4,113.44,21.2,88.69,23.09,0,0,1.91
4,105.919,13.68,68.02,9.3,0,1,26.004
1,642.479,22.92,87.73,1.82,0,1,23.202
1,521.76,20.28,85.49,20.8,0,0,5.316
1,431.239,10.96,89.93,1.36,1,1,23.669
1,344.88,19.88,69.66,42.2,1,1,25.695
1,139.88,11.44,88.65,2.03,0,1,22.97
1,136.36,23.72,82.39,22.61,0,0,6.794
1,9.439,7.28,73.9,45.71,0,1,25.483
2,85.44,19.32,63,24.84,0,1,25.75
2,82.199,23.2,63.83,26.48,1,1,24.963
2,29.54,20.2,86.93,25.13,1,0,1.824
3,548.08,9.2,4.69,20.22,0,0,4.812
3,362.6,22.44,5.91,47.77,1,1,22.779
3,290.239,13.52,20.7,29.36,1,0,16.053
3,243.839,13.72,17.59,3.35,1,1,24.919
3,80,19.36,20.4,45.56,1,1,25.538
3,34.58,12.36,5.46,27.92,0,0,2.927
3,1,1,29.48,30.64,1,1,24.877
1,500.88,16.64,75.76,46.55,0,1,25.162
1,244.559,19.64,86.21,31.49,0,0,6.969
1,77.04,21.72,86.84,27.71,1,0,3.315
1,44.36,12.12,64.59,29.76,1,1,24.624
1,4,4,80.64,47.69,1,1,24.095
2,259.44,17,63.62,34.19,1,1,26.757
2,142.279,19.76,86.41,24.97,1,0,2.34
2,82.199,15.4,86.32,26.74,0,0,2.988
3,526.039,18.64,20.5,21.5,1,0,15.646
3,325.279,13.2,6.53,27.06,0,0,2.425
3,320.519,8.44,3.6,43.51,0,0,18.583
3,191.72,20.72,27.42,17.01,0,0,23.565
3,175.759,21.56,9.54,26.05,1,0,4.416
3,120.639,16,16.5,41.36,0,0,19.854
1,554.559,16.52,64.55,18.68,0,1,25.011
1,502,15.84,70.81,24.53,0,0,17.946
1,292.04,14.8,80.43,35.99,1,0,13.784
1,250.08,11.04,76.43,30.64,0,0,13.549
2,322.16,20.32,66.99,41.96,0,1,27.588
2,220,10.08,71.21,43.21,1,1,25.283
2,190.039,20.16,80.26,12.21,0,0,15.351
2,157.919,6.68,87.71,48.24,1,1,23.263
2,138.199,19.24,67.8,6.65,0,1,27.85
3,421.679,23.48,3.85,48.17,1,1,23.212
3,375.239,18.72,29.52,16.34,1,1,25.768
3,311.2,19,19.43,4.15,0,1,25.214
3,164.44,19.56,30.46,26.89,0,1,25.28
3,114.48,9.6,14.25,14.8,1,0,13.602
3,92.36,19.16,28.4,34.71,1,1,25.103
1,613,16.2,11.7,38.71,0,0,15.151
1,431.72,18.08,31.5,37.5,0,1,29.074
1,294.679,17.92,6.34,28.17,0,0,3.352
1,289.48,21.96,7.78,46.99,0,0,22.135
1,200.639,13,9.44,25.12,0,0,4.191
1,121.319,15.12,15.71,25.89,0,0,10.497
1,64.04,18.88,30.17,21.15,0,1,25.215
1,3.46,3.46,5.78,27.24,1,0,2.301
2,344.76,18.48,29.29,20.99,0,1,24.372
2,273.6,15.64,11.75,47.76,0,1,23.669
3,598.559,19.72,64.64,9.5,1,1,28.662
3,482.559,13.84,89.27,28.67,0,0,3.706
3,339.44,16.92,74.49,21.52,1,0,14.678
3,283.92,13.88,72.5,5.79,0,1,25.161
3,230.759,19.92,67.07,38.5,0,1,25.539
3,143.72,16.24,84.44,25.37,0,0,4.325
3,137.279,9.8,83.38,36.62,0,0,12.8
3,53.479,7.84,86.36,8.61,1,0,16.563
3,16.879,9.8,65.52,13.53,0,1,25.907
4,279.679,8.6,88.69,26.5,0,0,1.501
4,249.559,12.68,64.07,16.5,1,1,26.102
1,383.2,14.8,14.7,25.47,1,0,9.461
1,298.119,18.96,22.37,37.66,0,0,21.292
1,233.16,13.84,12.43,35.49,0,0,12.711
1,192.24,16.76,30.58,27.44,0,1,25.447
1,91.4,16.12,2.01,13.79,0,0,11.668
1,13.1,13.1,23.5,6.5,1,1,25.986
2,289.239,3.04,4.82,25.31,0,0,0.53
2,267.679,11.08,29.64,26.5,0,1,24.436
2,168.36,17.72,26.53,21.14,1,0,21.627
2,102.199,20.76,20.5,45.5,1,1,25.55
2,82.12,17.92,18.19,32.65,1,0,15.032
2,3.259,3.259,28.5,12.93,0,1,26.196
3,654.359,9.24,88.17,34.16,1,0,9.178
3,611.239,17,68.56,7.42,0,1,26.771
3,534.2,17.8,80.56,34.17,1,0,12.294
3,335.959,22.28,66.93,37.64,0,1,25.216
3,297.88,12.84,80.77,23.2,0,0,8.18
3,245.8,18.6,87.48,21.44,0,0,3.779
3,141.08,18.56,88.07,26.46,0,0,1.61
1,567.52,13.24,88.99,1.87,0,1,23.131
1,442.2,10.36,76.66,47.22,0,1,25.296
1,316.64,13.32,87.09,26.29,0,0,2.102
1,282,14.52,73.21,5.36,1,1,25.044
1,223.399,14.12,77.64,15.5,0,0,14.617
1,4.46,4.46,74.55,46.85,0,1,26.058
2,355.279,10.68,63.5,26.5,1,1,25.294
2,303.72,18.44,78.71,9.46,1,0,18.501
2,279.6,17.4,71.99,28.33,0,0,17.087
2,78.319,14.28,73.07,10.93,0,0,21.067
3,683.64,13.76,25.41,25.41,1,0,20.164
3,517,18,30.45,27.5,0,1,25.323
3,435.559,13.84,4.32,29.63,0,0,4.722
3,177.839,16.88,16.5,47.5,1,1,25.155
3,134.279,15.84,29.36,33.36,0,1,25.518
3,78.68,17.48,25.5,11.5,0,1,24.337
1,485.079,16.6,88.49,26.27,0,0,1.296
1,482.799,23.88,65.45,19.18,1,1,24.015
1,407.799,18.84,69.45,7.35,0,1,26.153
1,272.32,12.6,75.86,31.47,0,0,14.422
1,178.039,15.36,86.74,25.19,0,0,2.018
1,104.72,19.04,64.22,33.53,0,1,25.97
2,350.839,3.24,82.27,16.66,0,0,10.561
2,212.16,18.96,72.56,36,0,0,19.573
2,53.639,14.68,69.98,9.24,0,1,24.508
3,163.96,9.24,25.25,40.08,0,1,25.048
4,400.44,3.52,6.68,23.54,1,0,2.043
4,283.32,18.04,26.51,37.17,1,1,24.496
4,244.679,11.76,19.9,44.88,0,1,24.694
4,143.039,10.8,22.48,4.74,0,1,26.595
4,6,6,28.11,10.3,0,1,27.178
1,676.44,10.8,70.404,39.846,0,0,23.6
1,650.96,19.88,87.66,25.89,1,0,1.407
1,631.559,17.48,80.34,3.01,0,0,23.543
1,541.239,12.08,90.55,43.19,0,0,18.278
1,370.88,15.96,82.62,1.97,0,1,23.831
1,351.359,15.96,69.5,23.36,1,0,19.319
1,257.119,18.36,76.77,13.77,1,0,16.42
1,208.44,9.04,71.79,9.24,0,0,23.152
1,150.08,9.36,87.07,28.78,0,0,4.136
1,126.599,14.48,85.17,3.01,1,0,22.279
1,85.16,9.88,87.24,21.24,0,0,4.051
1,43.22,16.92,71.79,23.5,1,0,17.026
1,1.019,1.019,47.79,30.93,0,1,41.387
2,328.239,10.12,71.1,7.79,0,1,24.651
2,256.279,16.96,80.56,26.71,0,0,8.366
2,185.559,19.72,80.64,29.85,0,0,9.449
2,45.279,14.04,65.54,16.5,0,1,24.717
3,673.4,12,19.84,22.08,1,0,14.879
3,580.799,14,28.41,33.69,1,1,24.736
3,478.92,17,22.83,21.96,1,0,17.84
3,283.16,23,31.19,24.24,1,1,25.951
3,131.839,15,29.86,29.12,1,1,24.952
3,110.279,18,9.34,24.12,0,0,4.183
3,84.76,10,20.86,10.81,0,0,21.095
3,49.52,8,31.55,16.07,1,1,27.774
4,201.52,8,22.49,7.61,0,1,24.487
1,577.679,16.6,73.93,35.5,1,0,18.162
1,439,20.6,63.21,41.79,0,1,30.564
1,369.119,13.28,70.93,22.93,1,0,17.939
1,351.32,20.96,85.42,24.51,1,0,3.365
1,295.239,18.2,79.89,15.29,0,0,13.144
1,267.959,10,87.56,3.53,0,0,21.502
1,156,13,65.5,30.5,1,1,23.891
1,111.599,19.76,63.5,30.5,1,1,25.842
1,5.76,5.76,73.5,46.5,0,1,26.359
2,322.16,18.96,89.36,20.3,0,0,4.739
2,265.119,9.4,72.5,4.5,0,1,26.159
2,201.96,13.64,89.68,2.15,0,1,22.868
2,162,17.88,74.5,34.5,1,0,17.126
2,132.759,15.64,64.5,19.5,1,1,24.865
2,113.68,19.48,87.48,26.83,1,0,2.227
2,45.2,21.12,76.5,5.93,0,0,22.665
3,707.2,11.2,7.78,27.96,1,0,3.893
3,569.32,19.16,7.53,18.29,0,0,7.086
3,508.64,16.12,23.5,27.64,1,0,18.439
3,432.399,20.92,7.28,2.38,0,1,22.71
3,342.64,20.24,22.08,3.76,0,1,27.099
3,203.88,13.28,19.55,19.74,1,0,15.236
3,175.039,12.92,7.35,30.79,1,0,6.159
3,150.08,15.76,18.5,46.5,1,1,25.254
4,282.76,14.28,5.89,23.74,1,0,1.413
4,256.92,12.72,19.5,36.93,0,0,18.584
1,686.32,8.36,14.41,47.9,0,1,24.664
1,514.88,20.24,19.69,18.28,0,0,15.927
1,289.119,5.12,7.19,25.68,1,0,2.055
1,249,15.96,24.61,3.72,1,1,28.768
1,185.039,13.56,18.42,24.74,1,0,13.172
1,164.96,15.68,23.329,9.831,0,0,23.6
2,301.48,19.24,34.5,20.5,0,1,29.594
2,184,15.4,15.44,2.3,0,1,24.882
2,160.16,18.76,12.88,47.84,1,1,24.08
2,83.16,17.84,5.78,26.35,1,0,1.45
3,678,10,88.21,20.82,1,0,4.214
3,642.96,20.08,88.62,27.82,0,0,2.822
3,596.679,19.76,72.27,44.39,0,1,25.447
3,475.679,13.68,72.24,43.02,0,1,24.439
3,441.679,23.68,88.32,23.23,1,0,1.821
3,352.92,17.64,70.31,34.51,1,0,20.747
3,150.839,11.76,73.51,25.93,0,0,15.268
3,111.839,8.04,90.65,40.58,0,0,15.695
3,5.82,2.76,64.5,35.5,1,1,26.425
1,637.64,9.64,5.39,28.57,1,0,3.572
1,459.16,19.12,26.36,10.5,0,1,25.61
1,387,11.96,25.5,11.07,1,1,24.578
2,447.2,18.24,5.66,23.92,1,0,1.155
2,416.119,14.88,1.49,47.36,1,1,22.673
2,393.519,18.56,31.47,27.58,1,1,26.346
2,357.399,18.56,29.29,26.52,0,1,24.088
2,288.88,19.72,15.39,40.01,0,0,18.114
2,243.279,10.32,4.75,21.54,1,0,3.495
2,160.44,12.92,5.24,26.19,1,0,1.19
2,116.519,14.24,20.55,3.55,1,1,26.347
2,41.659,19.84,24.5,8.5,0,1,25.353
2,683.119,15.2,11.44,47.01,0,1,22.863
2,650.84,10.68,19.98,19.71,1,0,15.651
2,498.239,16.56,31.5,37.93,0,1,29.261
3,656.4,20.68,89.09,22.5,1,0,2.523
3,442.359,9.68,86.63,32.37,0,0,7.668
3,318.16,13,64.5,33.5,0,1,25.696
3,197.839,19.44,86.85,0.989,0,1,24.085
3,161.24,23.76,64.21,25.5,0,1,24.545
1,700.679,21.44,17.87,47.03,0,1,25.388
1,418.799,14,21.62,4.33,0,1,26.367
1,382.48,17,7.95,20.81,0,0,4.984
1,356.799,21.24,17.62,7.99,0,0,21.032
1,258.88,13.68,27.02,39.43,0,1,26.118
1,158.639,18.16,13.94,20.65,0,0,9.717
1,31.5,18.96,2.53,47.63,0,1,22.792
1,0.219,0.219,44.5,34.5,0,1,40.383
2,171.279,20.2,32.65,27.22,0,1,27.489
2,138,19.84,4.64,24.21,0,0,0.998
2,55.68,13.2,15.52,35.77,1,0,14.881
3,624.2,14.12,74.59,40.2,1,0,20.773
3,594.52,16.96,67.54,10.53,0,1,25.675
3,522.479,10.16,66.031,31.389,1,0,23.6
3,465.839,17.6,89.06,27.95,1,0,2.966
3,431.679,7.8,70.43,30.65,0,0,19.171
3,364.2,15.6,88.32,2.27,0,1,22.734
3,235.839,21,61.5,29.5,1,1,27.619
3,79.04,20.48,86.14,1.84,1,1,23.306
3,38.419,19.48,68.56,6.82,0,1,27.168
4,345.239,13.96,63.93,24.5,0,1,24.825
4,313.64,5.28,85.35,13.56,0,0,11.934
4,227.96,5.12,82.22,42.42,1,0,18.603
4,115.559,8.36,88.32,23.54,1,0,1.522
4,53.4,6.84,67.48,38.28,1,1,25.075
1,638.359,9.08,85.18,46.4,0,0,21.695
1,204.8,14.72,74,5.43,0,1,24.506
1,192.559,20.12,88.86,28.35,0,0,3.351
1,83.48,16.4,66.36,37.36,0,1,25.575
1,70.44,15.76,88.66,23.37,1,0,1.632
1,35.419,6.2,89.36,23.6,1,0,1.527
2,322.679,5.36,87.75,24.78,0,0,1.023
2,285.679,14.8,87.28,27.54,0,0,2.934
2,202.96,13.64,72.36,42.5,0,1,23.976
2,105.68,16.76,88.08,22.61,1,0,2.482
3,625.559,7.08,16.03,47.15,1,1,24.633
3,0.839,0.839,24.5,44.5,0,1,27.4
4,492.16,13.52,8.66,47.97,0,1,23.221
4,395.48,18.32,16.79,36.5,1,0,16.291
4,267.48,2.24,7.38,47.71,0,1,22.809
4,222.679,8.64,6,29.13,1,0,4.197
4,74.319,11.56,20.193,43.265,0,0,23.6
5,270.559,9.28,29.37,16.56,1,1,25.554
5,245.679,14.72,26.5,6.64,1,1,28.082
5,40.34,8.28,3.33,46.99,1,0,22.073
1,659.32,20.48,17.06,17.18,0,0,14.164
1,598.52,18.04,30.43,28.57,1,1,25.431
1,577.239,17.92,7.02,41.29,1,0,16.385
1,426.04,19.56,25.84,40.88,0,1,26.002
1,401.2,14.56,15.66,28.99,1,0,11.148
1,237.16,18.36,19.89,4.71,1,1,25.02
1,52.459,9.2,20.9,5.12,0,1,25.3
1,9.119,6.04,31.33,37.33,1,1,28.847
2,238.759,13.04,9.9,27.58,1,0,5.317
2,63.08,21.68,4.64,25.75,0,0,0.966
2,10.359,6,32.22,12.91,0,1,29.555
3,684.679,2.32,88.24,6.5,0,0,18.507
3,614.08,19.4,86.49,13.5,0,0,11.719
3,357.239,7.88,73.43,31.18,1,0,16.519
3,324.799,14.2,86.85,23.05,1,0,2.722
3,193.36,19.04,67.88,36.019,0,0,23.6
3,128.679,12.32,88.86,23.31,0,0,1.693
3,105.16,18.44,90.84,1.96,0,1,23.134
3,59.599,9.2,79.32,30.67,1,0,11.003
3,34.779,13.68,88.62,30.04,0,0,5.041
4,316.279,13.08,66.7,38.29,0,1,25.745
1,685.359,16.88,6.96,26.77,0,0,2.461
1,597.52,12.72,18.86,11.83,1,0,18.938
1,362.16,15.44,21.5,43.5,1,1,24.623
1,295.399,15.04,28.08,14.45,0,1,25.149
1,236.36,18.56,7.36,30.06,1,0,5.482
1,214.88,14.44,30.36,24.64,0,1,25.112
1,81.599,6.2,3.32,48.35,1,1,23.429
1,29.959,18.88,30.4,35.43,1,1,27.226
2,355.359,12.8,13.86,47.37,0,1,23.969
2,143.919,18.64,16.333,4.164,1,0,23.6
2,12.659,3.2,4.78,26.68,1,0,1.744
3,668.88,21,68.5,6.5,1,1,27.428
3,635.679,20.68,89.07,26.4,1,0,1.436
3,582.919,15.92,67.5,12.36,1,1,24.725
3,441.799,10.2,88.48,25.26,1,0,0.374
3,362.799,20.08,65.07,35.79,0,1,26.022
3,130.119,18.12,67.64,41.64,0,1,26.879
1,614.64,11.84,79.15,48.15,1,1,25.061
1,516,11.32,82.75,2.02,0,1,23.75
1,213.36,12.52,78.14,47.29,0,1,24.686
1,137.24,11.68,65.86,35.4,0,1,25.141
1,29.36,16.48,88.56,3.01,1,0,21.99
1,1.74,1.74,57.68,32.46,0,1,31.953
2,359.079,2.84,73.25,45.18,0,1,25.445
2,306.16,13.56,85.73,24.04,1,0,3.168
2,204.36,6.8,88.67,21.85,0,0,3.151
2,91.839,14.8,66.166,31.852,0,0,23.6
2,37.099,20.64,88.2,24.12,0,0,1.037
3,450.679,23.36,14.12,28.34,0,0,9.478
3,411.92,8.68,30.67,34.3,1,1,27.067
3,361.359,15.8,28.08,36.24,1,1,25.446
3,274.88,19,11.51,27.03,0,0,6.58
3,252.88,10.88,28.41,16,0,1,24.847
3,112.08,16.4,1.95,48.08,1,1,23.314
3,72.76,12.16,27.35,9.63,0,1,26.919
3,58.4,14.92,5.88,26.45,1,0,1.58
3,45.479,21.12,21.57,43.79,1,1,24.887
4,292.64,12.24,8.57,19.4,1,0,6.51
1,628.96,18.4,5.29,27.14,1,0,2.14
1,593.239,14.56,30.67,23.76,1,1,25.45
1,380,13.2,30.35,39.64,0,1,29.057
1,331.239,16.84,8.44,24.27,1,0,3.272
2,373.2,15.8,27.88,11.85,1,1,26.173
2,265.799,14.88,10.03,2.12,1,1,23.373
2,216.16,18.36,13.56,2.73,0,1,23.769
2,158.759,8.84,5.17,48.88,1,1,23.88
2,130.639,19.24,18.79,46.02,1,1,25.003
3,685.479,10,73.8,33.7,1,0,17.297
3,630.359,13.4,63.79,29.65,1,1,25.389
3,553.679,15.88,76.6,46.33,1,1,24.547
3,387.04,11.96,88.29,28.02,0,0,3.054
3,317.119,12,86.2,47.53,1,1,22.673
3,249.919,8.24,91.51,0.46,1,1,24.694
3,227.32,18.96,64.23,34.5,0,1,26.296
4,171.839,9.92,64.4,31.99,1,1,25.333
1,525,13.44,87.26,1.98,0,1,23.068
1,499.559,13.64,58.5,31.5,1,1,30.94
1,473.119,21.28,71.31,4.7,0,1,26.762
1,310.92,13.08,67.93,22.36,1,0,20.986
1,193.479,15.48,86.14,17.83,1,0,7.63
1,175.16,17.24,62.36,22.5,1,1,26.508
1,101.959,8.72,89.75,26.67,0,0,1.946
1,48.759,17.52,86.2,19.96,0,0,5.648
1,4.659,0,75.35,3.27,1,1,25.529
2,215.32,10.48,90.35,22.6,1,0,2.884
2,42.22,19.28,65.5,16.5,1,1,24.755
2,21.399,14.04,82.99,2.33,0,1,23.39
3,655.719,18.12,21.03,45.91,0,1,26.196
3,405.48,14.52,2.68,26.05,0,0,2.776
3,289.799,20.4,28.5,37.5,1,1,26.397
3,209.279,13.84,29.5,15.36,0,1,26.095
4,427.279,8.44,1.75,48.33,0,1,23.591
4,200.08,21.68,10.4,26.28,1,0,5.306
4,168.36,9.6,5.13,22.82,1,0,2.183
4,65.319,5.44,24.16,45.87,0,1,28.162
4,4.519,0,31.74,26.39,1,1,26.526
1,663.2,17.08,87.01,47.01,0,1,22.078
1,532.679,8.56,78.77,3.43,1,1,23.766
1,414.72,13.52,71.244,9.172,0,0,23.6
1,356.799,14.36,88.3,23.59,1,0,1.48
1,113.559,18.12,71.58,36.83,1,0,20.85
1,35.72,18.2,63.76,21.68,0,1,25.209
2,319.72,17.44,64.5,17.5,1,1,25.383
2,284.239,15.88,75.39,46.22,0,1,25.075
2,159.72,17.64,84.99,23.59,0,0,4.015
3,666.799,8.76,5.45,28.64,1,0,3.645
3,410.079,4.88,2.53,2.29,0,1,22.872
3,391.959,18.08,5.38,21.85,1,0,3.152
3,196.919,19.6,11.7,21.88,0,0,7.164
3,175.16,11.32,18.55,4.82,0,1,24.168
3,123.12,8.76,5.41,27.47,1,0,2.475
3,4.3,0,24.07,8.32,1,1,25.147
4,300.48,8.2,30.28,12.36,0,1,28.04
4,162.6,9.44,28.52,13.48,1,1,25.965
4,145.559,20.96,22.1,44.18,0,1,25.53
4,108.16,3.16,7.74,27.15,0,0,3.289
4,43.04,7.96,6.25,26.13,1,0,1.508
1,486.64,15.68,85.92,27.35,0,0,3.678
1,446.48,15.2,91.37,2.21,0,1,22.94
1,417.239,13.16,72.02,4.16,1,1,26.724
1,341.679,20.52,60.93,27.5,1,1,27.932
1,308.279,9.56,90.2,1.97,0,1,23.075
1,259.359,20.96,62.5,27.36,1,1,26.355
1,218.759,21.64,66.62,3.47,0,1,30.875
1,214.679,23.24,85.41,1.65,1,1,23.587
1,1.84,0,63.5,31.5,0,1,26.073
2,303.72,23.84,73.5,24.5,0,0,15.258
2,279.76,14.56,89.32,26.59,1,0,1.689
2,205.88,16.56,63.5,16.5,0,1,26.642
2,135.919,6.8,62.5,19.79,1,1,26.762
2,92.239,12.32,63.5,18.79,0,1,26.002
2,40.759,16.08,90.16,20.75,0,0,4.477
2,33.88,20.92,85.98,24.03,1,0,2.934
2,6.119,0,88.54,23.1,1,0,1.911
3,530.28,21.36,27.5,35.5,1,1,24.603
3,446.279,9.84,21.21,26.21,0,0,16.005
3,349.239,18.4,30.1,33.41,0,1,26.234
3,303.16,13.64,18.16,47.82,1,1,26.218
3,257.44,19.76,31.07,34.5,1,1,27.512
3,187.679,18.84,35.5,19.5,0,1,30.745
3,80.279,9.8,29.51,25.42,0,1,24.263
3,68.519,20.2,7.76,22.89,0,0,3.279
3,31.02,18.84,28.83,44.8,0,1,30.79
1,495.839,14.4,28.27,34.63,0,1,24.953
1,441.04,15.96,24.5,8.5,1,1,25.353
1,378.079,9.44,3.47,47.82,0,1,22.889
1,344.44,8.56,26.5,36.5,0,1,24.162
1,310.88,12.6,6.1,29.55,0,0,4.628
1,165.16,8.88,7.9,25.28,0,0,2.664
1,84.319,13.28,6.05,20.51,1,0,4.56
1,38.24,20.96,3.96,25.85,0,0,1.544
2,212.32,14.36,9.47,1.78,1,1,23.6
2,83.919,14.36,4.34,24.25,1,0,1.179
2,2.24,0,20.39,2.03,0,1,27.51
3,595.679,9.96,67.5,37.5,1,1,24.653
3,321.839,15,80.14,35.44,0,0,13.532
3,289.119,13.28,77.48,40.41,1,0,19.091
3,195.199,18.44,78.464,3.759,0,0,23.6
3,155.16,16.36,63.64,19.5,1,1,25.705
3,57.919,20.36,61.07,10.5,1,1,31.247
4,263.519,21.04,71.5,43.5,0,1,25.294
4,232,11.32,74.5,39.5,1,0,20.33
4,192.96,15.88,68.51,38.49,0,1,24.323
1,588.239,15.96,72.92,42.79,0,1,23.813
1,240.479,10.92,78.12,8.04,1,0,20.015
1,209.96,9.32,67.23,38.26,0,1,25.277
2,233.32,10.56,70.83,43.19,0,1,25.534
2,194.52,18.2,88.85,25.49,0,0,0.5
2,13.199,6.92,74.81,24.46,1,0,13.95
3,653.88,13.56,12.94,48.39,0,1,24.621
3,604.64,13.84,21.34,29.95,1,0,16.834
3,372.119,15.72,18.49,46.69,1,1,25.411
3,257.239,17.72,2.99,48.25,0,1,23.359
3,213.72,17.28,10.62,31.1,0,0,8.126
3,97.639,16.68,7.22,18.52,0,0,6.772
4,313.32,19.52,8.18,26.14,1,0,3.143
4,217.639,11.68,30.28,26.47,1,1,25.073
4,79.48,6.04,16.62,30.61,0,0,12.678
4,46,6.32,4.05,28.67,0,0,3.861
1,84.519,8.08,67.5,40.07,0,1,26.051
1,503.76,14.28,85.77,27.03,1,0,3.605
2,349.44,16.04,64.21,25.64,1,1,24.548
2,322.88,11.84,86.41,22.81,1,0,3.204
2,173.16,19.56,80.36,47.5,0,1,24.013
2,77.12,13.8,87.5,28.5,1,0,3.716
3,649.119,19.72,7.21,23.79,1,0,2.303
3,599.479,16,26.5,38.5,1,1,25.175
3,474.519,14.12,15.01,47.45,1,1,24.479
3,307.92,15.92,33.5,17.5,1,1,29.228
3,192,16.6,9.08,25.23,0,0,3.836
3,56.439,20.6,34.64,22.5,0,1,29.496
4,291.839,7.72,26.79,46.5,0,1,30.433
4,265.88,3.72,4.95,25.84,0,0,0.891
4,242.52,14.28,4.27,20.42,0,0,4.683
4,162,5.84,6.08,28.32,0,0,3.422
1,624.359,13.28,19.71,5.77,1,1,24.06
1,587.799,15.8,21.73,22.74,1,0,16.634
1,558.559,13.8,11.29,25.45,0,0,6.056
1,407.88,17.04,21.39,32.67,1,0,17.869
1,346.839,10.44,4.73,41.88,0,0,16.888
1,235.08,14.12,29.96,18.12,1,1,25.649
2,232.119,16.24,30.4,14.33,1,1,27.319
2,206.399,17.96,7.43,2.75,0,1,22.356
2,152.52,19.2,5.55,26.72,1,0,1.745
2,0.119,0.119,53.7,5.32,0,1,52.294
3,710.08,14.08,63.93,27.8,0,1,24.977
3,565.28,11.88,63.81,20.96,1,1,25.265
3,530.84,10.4,89.62,1.56,0,1,23.456
3,484.359,15.36,78.84,39.09,1,0,17.226
3,429.799,14.08,80.4,26.27,0,0,8.446
3,407.44,15.96,64.32,16.31,1,1,25.929
3,319.48,5.04,76.97,46.78,1,1,24.761
3,234.16,12.04,71.91,6.32,0,1,25.15
4,284.399,11.52,86.51,21.78,0,0,3.922
1,618.919,14.4,65.17,37.41,0,1,26.646
1,483.92,7.68,71.56,5.76,0,1,25.8
1,424.32,6.48,87.73,30.2,0,0,5.299
1,418.239,19.92,64.01,32.32,1,1,25.8
1,390.88,18.12,62.42,26.63,0,1,26.38
1,309.76,16.12,87.47,29.63,0,0,4.803
1,79.72,17.2,64.18,29.86,0,1,25.046
1,26.579,12.72,67.69,7.72,0,1,27.241
2,303.559,14.72,72.03,35.73,1,0,19.866
2,285.559,13.2,87.68,22.6,0,0,2.627
2,256.119,10.84,72.91,46.42,0,1,26.64
2,121.559,13.64,64.56,17.5,1,1,25.325
2,1.5,1.5,27.21,17.11,0,1,62.043
3,542.159,18.28,4.68,22.69,0,0,2.379
3,525.599,17.64,17.13,2.82,1,1,25.161
3,266.079,19.48,25.45,9.22,1,1,25.632
3,172.24,14.72,20.64,5.8,0,1,24.606
3,82.879,19.2,15.36,46.79,1,1,24.021
4,334.92,9.84,11.87,2.28,0,1,23.664
4,68.72,22.52,31.01,30.67,0,1,26.376
4,22.86,18.68,14.67,47.43,0,1,24.327
1,669.679,20.08,7.61,19.67,0,0,5.829
1,611.919,12.08,30.5,29.5,1,1,25.647
1,518.64,16.36,10.47,47.54,0,1,23.136
1,447.76,13.2,4.24,2.65,0,1,22.372
1,317.119,11.68,9.65,47.48,0,1,22.906
1,4.28,4.28,22.93,41.5,0,1,24.183
2,284.72,21.16,26.5,12.5,0,1,24.653
2,136,9.76,10.42,26.5,0,0,5.383
2,84.44,20.32,18.87,46.44,1,1,25.4
2,47.159,16.96,5.48,25.98,1,0,1.006
3,710.799,14.76,64.5,29.5,0,1,24.663
3,527.2,16.8,73.64,17.07,0,0,17.064
3,489.64,17.76,74.5,45.07,1,1,24.614
3,433.519,11.36,88.5,26.38,0,0,1.402
3,332.32,17.24,66.41,14.33,1,1,24.757
3,268.04,20.48,81.11,2.09,1,1,24.15
3,185.24,6.76,76.5,46.5,1,1,24.744
3,44.759,8.36,60.5,9.5,0,1,32.222
4,242.6,11.08,75.5,45.5,1,1,24.409
4,139.88,9.72,62.5,27.5,1,1,26.368
1,680.599,18.52,18.58,33.58,1,0,15.852
1,580.44,21.8,27.5,15,0,1,24.393
1,443.48,21.52,5.04,27.37,1,0,2.379
1,67.559,20.72,31.21,13.5,1,1,28.393
2,326.48,8.16,22.59,46.61,1,1,27.706
2,246.32,18.6,5.91,47.43,1,1,22.439
2,184.199,8.2,30.94,34.17,0,1,27.277
2,53.88,13.52,4.5,25.5,1,0,0.901
2,3.46,3.46,6.49,26.34,0,0,1.825
3,506.2,18.32,70.94,37.57,1,0,21.799
3,345.2,9.72,66.86,8.61,0,1,27.346
3,233.039,16.6,74.61,45.39,0,1,24.813
3,133.119,19.28,62.57,21.45,1,1,26.419
4,158.52,11.76,76.69,39.35,0,0,18.744
4,98.68,20.56,71.62,42.56,1,1,24.531
1,664.4,18.16,80.79,31.83,1,0,10.488
1,612.799,15.52,88.47,48.07,1,1,23.071
1,516.2,18.96,75.53,4.54,0,1,24.359
1,391.559,15.6,73.58,21.08,1,0,15.668
1,278.119,13.24,87.94,28.81,1,0,3.895
1,248.52,15.6,77.74,46.68,1,1,24.315
1,221.199,16.84,69.68,40.43,0,1,24.53
1,96,14.08,67.88,39.4,0,1,25.355
1,59.599,17.36,79.49,16.19,0,0,12.781
1,1.2,1.2,44.79,4.11,0,1,48.671
2,152.759,15.04,74.21,2.63,1,1,26.68
3,704.159,8.16,15.24,44.79,1,0,22.168
3,672.479,15.92,5.44,24.43,1,0,0.6
3,643.919,16.88,27,12.14,1,1,25.267
3,536.08,15.88,15.446,46.283,0,0,23.6
3,426.32,20.56,5.15,20.52,0,0,4.481
3,405.92,13.88,3.91,21.56,1,0,3.691
3,263.88,11.8,29.89,32.07,1,1,25.634
3,173.839,13.84,28.41,12.75,1,1,26.2
3,133.759,10.84,28.73,28.74,1,1,23.775
3,31.879,8.56,19.34,21.6,0,0,14.494
4,335.559,14.32,8.55,16.16,1,0,9.435
4,223.96,14.48,23,8.15,0,1,24.474
4,104.239,19.36,32.69,24.13,1,1,27.453
4,70.04,11.16,7.72,20.44,1,0,5.185
4,43.919,6,9.07,28.01,0,0,4.863
1,457.88,10.56,75.5,46.5,0,1,25.254
1,276.04,17.04,86.22,32.14,1,0,7.574
1,244.839,22.16,70.5,7.5,0,1,25.284
1,225.72,12.56,90.23,20.92,0,0,4.34
1,159.839,20.16,77.5,31.5,0,0,12.992
1,29.639,18.48,88.56,28.73,0,0,3.734
1,3.759,3.759,87.25,22.3,1,0,3.088
2,271.079,18.32,63.5,17.5,1,1,26.34
2,238.759,17.64,81.5,47.5,0,1,23.639
2,63.88,20.96,85.68,25.42,1,0,3.098
3,482.64,16.24,10.13,21.56,0,0,5.97
3,355.279,19.6,11.63,17.66,0,0,9.725
3,332.2,11.92,23.5,8.36,0,1,24.697
3,158,8.72,25.5,9.5,0,1,25.501
3,25.78,16.96,3.09,47.32,0,1,22.424
1,670.719,16.92,9.5,1.5,0,1,23.881
1,470.32,17.84,3.54,48.41,0,1,23.472
1,455.32,18.76,29.07,14.07,0,1,26.207
1,419.359,9.36,3.5,26.79,0,0,2.503
1,315.32,13.2,8.29,48.4,0,1,23.596
1,265.959,18.92,32.5,32.5,1,1,28.263
1,41.259,15.52,6.05,30.03,1,0,5.093
2,334.519,9.72,9.2,26.99,1,0,4.422
2,141.279,10.28,6.05,26.4,0,0,1.612
2,13.52,5.48,7.21,23.21,1,0,2.654
3,594.239,7.2,82.97,27.92,0,0,6.475
3,542.039,14.24,89.54,18.91,0,0,6.141
3,533.64,5.84,85.67,48.26,1,1,23.463
3,325.399,17.2,68.5,3.5,1,1,29.534
3,293.72,13.08,61.5,26.5,0,1,27.291
3,160.16,6.2,89.66,36.41,1,0,11.446
4,192.679,15.56,63.21,32.5,0,1,26.618
4,133.32,7.8,89.35,48.05,0,1,23.057
1,527.4,14.24,71.44,43.16,1,1,25.088
1,450.399,15.48,78.26,47.3,1,1,24.644
1,418.64,17.44,82.92,25.67,1,0,5.868
1,190.16,13.6,64.29,30.94,0,1,25.17
1,128.24,16.16,66.65,46.77,0,1,31.021
1,81.639,16.04,65.22,36.66,0,1,26.26
1,44.919,10.84,88.94,22.92,1,0,2.088
2,108.919,13.52,75.13,45.14,0,1,24.313
2,104.519,23.2,87.85,30.23,1,0,5.306
2,74.12,10.44,64.49,33.59,0,1,25.735
3,547.679,15.76,28.39,35.51,1,1,25.414
3,397.72,15.92,20.06,23.61,0,0,14.875
3,343.92,18.4,18.42,46.12,1,1,24.889
3,119.199,6.8,21.65,47.49,0,1,27.834
3,107.12,14.6,7.24,28.11,0,0,3.692
4,237.6,10.88,9.42,14.64,0,0,11.167
4,116.319,10.64,24.32,41.25,0,1,25.054
4,22.86,21.48,34.52,35.45,1,1,31.079
1,616.919,18.16,17.58,42.15,1,0,21.122
1,463.799,14.4,31.68,13.27,0,1,28.916
1,165.279,8.2,30.24,29.13,0,1,25.328
1,141.88,15.12,14.54,24.6,1,0,9.298
1,101.639,8.64,30.72,15.76,1,1,27.094
1,43.54,7.52,11.91,21.44,0,0,7.551
2,234.759,14.84,7.03,21.77,1,0,3.687
2,190.72,14.56,28.31,15.51,0,1,24.936
2,13.72,10.4,30.17,24.78,0,1,24.92
3,598.08,11.36,84.16,47.98,0,1,23.433
3,464.359,13.64,70.95,41.24,1,1,24.095
3,220.16,5,64.33,30.34,0,1,24.997
3,154.479,10.4,87.91,28.43,1,0,3.531
3,44.88,23.2,83.93,24.21,0,0,4.884
3,1.279,1.279,23.08,3.02,0,1,69.25
4,344.44,8.2,90.22,48.52,0,1,23.565
1,536.84,14.6,11.31,2.28,0,1,23.514
1,485.88,16.4,21.92,28.94,1,0,17.129
1,218.199,17.08,28.58,6.62,1,1,29.7
1,179.36,13.52,24.83,7.4,1,1,26.327
1,143.639,8.6,26.27,8.71,0,1,26.593
2,214.119,18.48,23.45,7.79,0,1,25.048
2,54.919,5.28,6.55,2.35,1,1,22.687
3,382.519,19.8,67.5,41.41,0,1,26.848
3,303.519,11.92,64.43,34.56,1,1,26.131
3,266.119,13.2,85.14,23.49,1,0,3.913
3,89.8,12.04,82.36,27.64,1,0,6.913
3,39.939,16.12,63.5,27.5,0,1,25.373
1,389.399,12.32,69.467,38.951,1,1,23.8
1,231.96,21.72,85.54,48.06,1,1,23.282
1,198.8,20.64,68.87,40.14,0,1,24.988
1,104.68,10.56,86.27,23.46,1,0,2.919
1,27.94,17.4,88.06,31.58,1,0,6.616
1,2.64,2.64,65.34,11.49,0,1,27.028
2,288.6,13.32,88.39,22.92,1,0,2.11
2,232.6,14.16,84.62,27.8,0,0,4.989
2,70.199,12.72,66.52,38.14,1,1,25.823
2,12.84,4.16,62.46,19.58,0,1,26.842
3,126.279,13.48,15.99,15.3,0,0,14.471
3,9.34,4.36,5.06,30.28,1,0,5.283
3,0.56,0.56,71.81,23.55,0,1,66.575
1,687.799,17.56,61.53,23.3,0,1,27.273
1,520.479,19.24,64.49,35.44,0,1,26.411
1,338.119,15.64,65.33,34.58,0,1,25.303
1,318.799,14.76,71.441,41.335,0,1,23.8
1,130.32,21.8,67.99,9.53,1,1,25.89
1,63.639,10.88,74.15,32.68,1,0,16.496
1,41.06,12.32,87.88,28.97,0,0,4.064
1,0.4,0.4,23.55,26.45,0,1,65.216
2,344.48,15.32,85.01,26.1,1,0,3.898
2,218.08,19.16,84.74,34.93,1,0,10.709
2,35.779,18.56,73.14,47.49,1,1,27.376
2,6.26,6.26,79.95,24.8,1,0,8.802
3,580.479,19.08,27.59,36.73,1,1,25.232
3,491.839,13.84,20.37,38.29,1,0,20.13
3,161.88,17.68,7.23,26.67,0,0,2.59
3,147.199,20.68,9.79,23.24,0,0,4.869
3,1.659,1.659,47,40.44,0,1,44.513
1,540.32,10.8,87.39,42.23,0,0,17.283
1,517.559,14.76,73.96,3.64,0,1,25.98
1,318.04,17.52,64.29,22.01,0,1,24.642
1,170.36,17.12,91.67,12.85,0,0,12.495
1,54,16.64,84.11,28.56,0,0,5.848
1,0.36,0.36,86.07,27.57,1,0,3.713
2,327.679,11.48,81.82,21.58,0,0,7.727
2,277.92,11.88,89.71,1.35,0,1,23.669
2,127.839,19.08,70.96,5.15,1,1,26.655
3,708.919,12.92,21.67,6.67,1,1,24.609
3,562.88,21.24,32.08,27.02,0,1,26.905
3,430.32,16,4.68,22.93,1,0,2.147
3,395.839,11.96,4.7,23.88,1,0,1.247
3,271.399,21.84,5.25,47.73,0,1,22.73
4,432.76,18.04,29.44,29.27,1,1,24.563
4,342.16,15.36,9.88,2.05,0,1,23.412
4,254.88,14.64,28.11,33.31,0,1,24.323
1,694.479,12.44,6.31,19.75,1,0,5.355
1,192.479,7.76,7.75,6.44,0,0,18.727
1,163.32,19.24,4.49,3.01,0,0,22.003
1,45.759,20.28,31.71,37.22,0,1,29.145
1,1,1,40.64,34.07,1,1,36.533
2,166.72,22.6,29.32,31.49,1,1,24.929
2,7.219,5.2,29.5,16.5,1,1,25.696
3,711.84,15.84,89.76,23.59,1,0,1.734
3,577.559,10.12,88.67,32.27,1,0,7.27
3,505.32,19.4,87.41,22.08,1,0,3.212
3,461.519,23.08,76.63,46.46,1,1,24.646
3,226.44,16.96,62,23.77,1,1,26.778
3,179,14.72,64.33,32.31,0,1,25.49
3,63.479,13.8,90.57,22.77,0,0,2.878
3,37.74,10.52,88.95,10.45,1,0,14.551
3,9.279,4.24,86.91,23.55,0,0,2.342
4,361.16,16.32,61.97,23.74,1,1,26.809
4,324.119,12.44,64.37,30.67,0,1,25.03
4,214.8,12.08,84.6,21.44,1,0,5.467
4,109,14.92,61.96,35.2,1,1,28.666
4,95.919,15.36,63.89,28.61,1,1,25.12
1,506.88,16.36,4.33,27.88,0,0,3.023
1,463.079,11.24,18.97,3.44,1,1,25.555
1,165.039,20.72,31.12,32.73,1,1,27
1,89.839,13.12,19.76,46.15,0,1,25.648
1,65.319,18.24,7.85,2.02,0,1,23.126
2,326.799,15.24,22.38,10.82,0,0,22.237
2,292.959,17.88,4.64,23.93,1,0,1.231
2,162.039,15.08,6.36,24.25,0,0,1.339
2,86.199,5.92,18.79,45.5,1,1,24.567
2,0.86,0.86,70.02,42.41,0,1,67.069
3,626.28,13.52,86.87,47.91,0,1,22.987
3,583.719,10.28,64.5,25.72,0,1,24.26
3,538,4.36,83.67,35.02,0,0,11.234
3,457.839,12.68,85.94,23.53,1,0,3.171
3,402.559,5.4,86.5,48.5,1,1,23.607
3,328.48,14.12,64.5,19.51,1,1,24.863
3,290.2,11,75.56,13.51,1,0,17.492
3,269.679,17.16,86.93,2.59,0,1,22.483
3,135.919,17.24,90.21,2.62,0,1,22.427
1,617.08,18.6,73.73,18.78,1,0,16.256
1,596.239,20.6,61.64,27.5,0,1,27.225
1,425.32,17.4,68.03,39.84,0,1,25.486
1,246.08,11.08,61.97,18.7,1,1,27.511
1,123.04,17.04,73.19,30.66,0,0,16.557
1,11.579,5.68,87.43,22.55,1,0,2.782
2,374.48,9.68,85.87,47.6,0,1,22.782
3,661.96,20.56,32.71,17.45,1,1,28.479
3,637.2,17.44,22.77,41.97,0,1,24.391
3,537.2,17.72,6.21,21.64,0,0,3.494
3,374,18.16,3.31,3.01,0,0,22.075
3,342.88,16.64,6.79,21.5,1,0,3.823
3,269.88,6.88,12.46,7.66,1,0,18.779
3,217.039,16.12,28.5,13.5,1,1,25.938
3,98.4,18.56,27.8,15.56,1,1,24.446
3,8.52,6.4,20.24,2.1,0,1,27.369
1,537.799,18.84,72.36,23.5,0,0,16.458
1,499.079,21.16,89.08,22.56,0,0,2.462
1,411.16,13.32,90.87,48.59,1,1,23.685
1,179.559,18.04,65.29,44.16,0,1,30.289
1,143.72,13.92,66.56,12.29,1,1,25.572
1,13.56,5.88,72.47,6.01,1,1,25.013
2,224.6,15.84,86.66,28.8,0,0,4.336
2,218.039,20.24,70.99,44.36,0,1,26.272
2,119.879,14.24,80.16,3.01,0,0,23.608
3,615.44,7.32,11.73,46.44,0,0,22.397
3,495.64,11.16,10.28,17.47,0,0,9.055
3,236.52,19.48,18.36,3.83,0,1,24.9
3,207.16,14.56,8.29,24.63,1,0,3.062
3,178.8,21.68,28.19,41.74,0,1,28.398
3,137.8,23.24,5.29,48.02,1,1,23.02
4,366.399,6.56,7.22,19.92,0,0,5.448
4,186.919,14.8,23.07,43.15,0,1,25.435
1,682.119,11.44,7.11,23.52,1,0,2.376
1,601.559,18.32,30.77,36.54,0,1,28.007
1,569.919,12.88,5.16,18.56,0,0,6.44
1,435.6,19.68,10.02,48.21,0,1,23.695
1,326.399,14.96,14.32,47.51,1,1,24.268
1,155.08,10.88,6.45,23.27,0,0,2.105
1,106.08,14.28,5.77,20.54,0,0,4.49
2,330.04,9.96,22.5,45.5,1,1,26.792
2,295.239,8.08,23.31,18.71,1,0,19.124
2,264.079,10.8,15.54,2.56,1,1,24.686
2,208.919,10.08,5.62,21.85,1,0,3.171
2,113.279,15.52,31.07,20.5,0,1,26.209
2,106.16,22.8,6.28,21.2,0,0,3.937
2,66.68,10.36,26.5,12.5,0,1,24.653
2,5.46,1.88,7.08,28.8,1,0,4.217
3,678.4,17.68,70.5,44.5,1,1,26.707
3,644.84,17.32,82.17,47.48,0,1,23.423
3,585.039,16.2,89.5,48.36,0,1,23.372
1,638.479,17.32,71.5,2.79,0,1,28.121
1,615.599,12.36,74.12,30.98,1,0,15.804
1,420.32,19.8,64.33,30.43,0,1,25.016
1,133.919,14,65.5,33.5,0,1,24.755
1,117.72,16.8,87.97,22.48,1,0,2.637
1,86.959,18.08,60.56,21.3,1,1,28.431
1,60.119,21.52,61.64,23.5,1,1,27.151
2,331.92,18.52,75.17,27.72,0,0,13.849
2,318.279,14.48,64.5,28.5,1,1,24.501
2,28.6,13.76,63.5,3.64,0,1,33.072
3,558.32,17.48,5.11,26.91,1,0,1.915
3,526.159,14.72,6.95,28.25,1,0,3.667
3,441.119,3.24,6.89,27.19,0,0,2.736
3,268.6,22.6,7.27,47.05,1,1,22.142
3,246.16,20,28.69,10.86,0,1,27.374
3,211.96,16.08,23.64,19.5,1,0,19.194
3,173.44,16.72,30.5,19.5,0,1,25.842
3,121.72,11.2,7.89,19.51,1,0,6.091
3,85.76,15.8,27.5,13.5,1,1,25.046
3,62.439,19.44,27.5,38.5,1,1,26.025
4,150.399,4.4,32.5,18.5,0,1,28.014
1,591.84,16.84,81.09,11.73,0,0,15.322
1,579.08,19.36,87.17,22.98,0,0,2.564
1,705.88,11.16,81.62,38.09,0,0,14.905
1,638.679,16.6,61.5,33.5,0,1,28.544
1,522.119,14.44,72.21,13.5,1,0,20.145
1,376.799,16.76,65.5,34.5,0,1,25.115
1,319.76,16.52,74.07,32.5,0,0,16.484
1,216.919,17,74.99,3.09,0,1,25.872
2,388.239,7.56,74.83,10.86,1,0,19.842
2,329.76,8.12,75.62,30.1,1,0,14.085
2,306.399,16.92,73.64,33.5,1,0,17.336
2,219.199,16.2,64.63,20.58,0,1,24.521
2,137.479,18.92,64.43,33.49,0,1,25.759
2,109.599,4.12,91.5,43.5,1,0,18.703
3,660.32,9.6,19.62,4.72,1,1,24.855
3,626.44,9.04,29.4,20.45,0,1,24.574
3,573.479,16.28,13.24,40.71,1,0,17.625
3,478.88,17.68,6.52,21.13,0,0,4.073
3,355.399,9.72,29.5,17.5,1,1,25.383
3,273.16,23.4,4.89,24.68,1,0,0.481
3,236.639,14.64,12.42,32.44,0,0,10.332
3,210.6,15.12,13.97,2.54,1,1,24.093
1,251.08,14.44,22.09,45.15,1,1,26.26
1,203.72,17.68,14.57,24.07,0,0,9.366
1,184,15.44,6.71,20.74,1,0,4.503
1,79.519,15.24,32.62,10.4,1,1,31.02
2,487.04,19.88,29.72,14.5,0,1,26.627
2,173.96,13.88,25.28,42.17,0,1,26.381
2,4.38,4.38,32.51,21.57,0,1,27.474
2,611.479,11.76,6.09,25.15,1,0,0.853
2,592.52,18.16,30.75,29.95,0,1,25.975
2,566.32,16.84,26.44,30.7,1,0,21.943
3,402.839,5.44,66.04,32.53,1,1,23.925
3,379.2,16.28,72.62,20.13,0,0,16.849
3,312.239,4.28,88.61,17.38,0,0,7.621
3,211.479,19.6,63.31,21.35,0,1,25.7
3,72.4,13.36,77.27,38.38,0,0,17.629
3,50.599,20.24,61.65,36.46,1,1,29.423
4,415.76,16.08,64.24,26.4,0,1,24.549
4,109,11.32,72.58,42.84,1,1,24.077
1,547.32,18.12,68.91,27.98,0,0,20.062
1,481.44,19,82.18,18.84,1,0,9.006
1,406.359,12.88,63.87,29.6,0,1,25.301
1,223.88,14.28,75.5,38.82,0,0,19.145
1,154.279,20.24,61.53,23.42,0,1,27.265
1,12.979,7.08,78.11,21.43,0,0,11.222
2,221.839,17.44,64.29,18.42,1,1,25.329
2,150.759,22.44,74.49,3.83,1,1,25.524
2,123.959,15.72,74.84,29.57,0,0,14.641
2,11.26,6.92,63.18,25.39,0,1,25.572
3,608.32,18.2,17.64,46.49,0,1,24.805
3,442,16.52,19.34,27.46,0,0,14.303
3,334.04,17.44,30.44,18.71,0,1,25.963
3,124.76,15.2,25.21,24.33,0,0,19.971
3,93.8,21.8,4.84,24.13,1,0,0.961
3,31.579,22.84,6.2,21.59,0,0,3.539
4,454.079,18.36,29.18,20.46,1,1,24.356
4,425.279,16.12,6.5,26.46,1,0,1.922
4,392.64,13.4,21.69,43.45,0,1,24.711
1,615.159,21.04,62.4,28.91,0,1,26.638
1,542.359,13.44,69.07,10.15,1,1,24.654
1,476.88,10.08,68.39,25.52,0,0,20.366
1,404.88,11.12,91.49,2.19,1,1,22.973
2,322.64,16.64,64.03,26.87,0,1,24.79
2,102.959,13.28,78.81,20.55,0,0,10.89
2,96.279,22.72,79.568,3.259,0,0,23.6
2,45.479,18.36,86,25.01,1,0,2.75
3,598.159,11.08,9.97,1.97,1,1,23.508
3,517.52,16.36,34.19,20.47,0,1,29.292
3,266.16,14.04,19.66,5.67,0,1,24.11
4,602.28,10.16,23.26,20.67,1,0,18.523
4,576.08,16.64,23.59,8.31,0,1,24.797
4,483.119,20.52,5.2,26.55,1,0,1.55
4,455.279,17.68,27.24,14.38,0,1,24.42
4,298.359,16.32,24.19,26.17,0,0,18.976
4,220.72,17,32.38,22.28,1,1,27.266
4,200.36,17.88,26.36,21.64,1,0,21.375
1,509.2,11,21.11,26.47,1,0,15.927
1,464.6,11.68,16.93,27.06,0,0,11.86
1,212.16,6.36,3.07,44.93,1,0,20.048
2,374.559,16.24,24.5,18.5,1,0,20.317
2,337.399,12.76,25.5,12.5,1,1,23.797
2,285.72,14.56,18.24,15.13,0,0,16.314
2,131.479,21.2,8,25.99,1,0,2.922
2,68.12,19.76,28.93,10.5,0,1,27.766
2,443,17.2,10.29,32.93,1,0,9.396
3,653.799,17.44,87.41,21.68,1,0,3.58
3,519.239,19.64,76.76,2.54,1,1,25.46
3,411.359,20.2,60.5,15.79,1,1,29.713
3,386.6,13.04,73.13,5.88,0,1,24.689
3,348.239,8.64,70.93,42.36,0,1,24.878
3,278.72,18.2,85.17,19.6,0,0,6.478
3,257.279,15.28,62.64,26.5,0,1,26.153
4,607.559,15.64,69.18,29.52,0,0,20.085
4,500.799,12.88,73.36,33.36,1,0,17.514
1,673.4,20.8,58.91,23.69,0,1,29.868
1,638.239,9.32,84.91,23.73,1,0,4.044
1,437.72,14.56,78.93,47.78,1,1,24.806
1,325.88,15.92,80.54,16.72,0,0,11.66
1,301.76,12.68,78.8,2.07,0,1,24.995
2,331.079,16.12,88.96,30.53,1,0,5.533
2,271.72,7.48,84.78,26.37,1,0,4.199
2,235.199,17.16,85.08,28.94,0,0,5.384
3,594.119,4.96,4.68,30.68,1,0,5.708
3,266.239,16,9.64,25.06,0,0,4.39
3,244.119,17.88,3.7,22.06,1,0,3.323
3,124.519,13.64,30.77,39.62,0,1,29.411
3,93.639,11.2,16.51,35.96,0,0,15.713
4,254.36,20.64,19.4,44.74,0,1,24.287
4,172.759,8.88,4.98,22.18,1,0,2.832
4,111.44,8.16,5.06,22.86,1,0,2.148
1,687.2,20,70.5,3.5,0,1,28.201
1,493.839,13.64,90.21,26.55,1,0,2.129
1,388.119,4.32,86.1,21.12,1,0,4.698
1,197.36,20.96,63.58,38.4,0,1,28.514
1,168.639,12.6,64.48,36.16,0,1,26.712
1,29.92,8.04,87.32,26.14,1,0,1.828
1,3.779,3.779,60.82,29.25,0,1,28.251
2,28.76,18.72,60.39,23.97,0,1,28.378
3,614.52,12.96,5.85,25.92,0,0,1.098
3,537.919,16.8,5.7,22.02,1,0,3.013
3,405.519,10.72,28.36,11.67,0,1,26.678
3,372.88,14.96,18.22,23.44,1,0,13.063
3,180.72,17.96,5.09,23.89,0,0,1.121
4,706.44,10.44,7.42,26.43,0,0,2.598
4,680.359,16.76,6.2,17.55,0,0,7.51
4,663.76,22.16,24.48,44.6,1,1,27.458
4,637.599,19.28,5.32,27.1,1,0,2.101
4,439.88,14.64,10.69,21.86,0,0,6.281
4,354.44,18.76,28.87,18.87,0,1,24.402
1,657.239,17.96,20.18,46.58,0,1,26.241
1,544.88,4.72,4.59,1.89,1,1,23.119
1,421.839,17.24,35.54,21.4,0,1,30.503
1,329.839,18.76,5.3,22.56,1,0,2.44
1,310.16,16.96,26.5,10.93,0,1,25.485
1,279.64,4.08,18.93,45.93,0,1,25.004
1,274.959,21.68,2.56,47.6,0,1,22.759
2,201.08,9.8,16.62,47.82,0,1,25.495
2,167.759,12.08,18.21,41.07,0,0,20.644
2,143.279,8.24,8.1,21.82,1,0,4.27
2,28.42,17.92,5.58,18.65,0,0,6.358
2,645.52,15.92,12.74,25.58,0,0,7.512
3,707.559,11.56,81.8,24.15,1,0,7.001
3,651.52,20.32,87.73,28.36,1,0,3.511
3,375.48,9.4,87.09,21.68,1,0,3.711
3,340.6,17.4,89.4,26.17,1,0,1.338
3,309.359,10.2,63.64,45.5,1,1,32.415
3,244.039,7.08,62.5,19.64,1,1,26.791
3,212.44,13.12,85.55,22.44,1,0,4.097
4,643.52,9.72,84.78,36.97,0,0,12.611
4,582.719,7.36,73.5,44.5,1,1,24.755
4,428,11.2,87.15,25.49,1,0,1.673
4,380.44,11.8,60.5,27.5,1,1,28.36
4,332.119,15.08,89.5,47.5,0,1,22.512
1,673.359,16.68,6.94,2.54,1,1,22.523
1,485.959,0.4,24.55,9.02,0,1,25.056
1,204.72,16.32,10.57,16.71,1,0,9.85
2,325.519,19,11.31,26.2,1,0,6.177
2,1.259,1.259,2.51,16.38,0,0,9.044
2,660.679,17.72,7.31,21.3,0,0,4.234
2,590.559,20.96,32.47,33.73,0,1,28.585
2,536.64,15.92,24.41,28.35,0,0,19.45
3,677.039,22.72,63.49,19.65,1,1,25.82
3,438.239,9.68,90.35,2.43,0,1,22.626
3,344.72,12,60.33,14.89,1,1,30.164
3,322.359,14.32,64.57,12.51,1,1,27.215
3,289.799,6.88,89.43,1.57,1,1,23.439
3,249.32,6.48,90.24,22.55,1,0,2.867
3,145,11.24,61.02,25.53,0,1,27.735
3,70.08,18,69.71,6.27,1,1,26.708
3,55.04,22,85.04,23.1,0,0,4.168
3,1.419,1.419,60.91,24.59,0,1,27.843
4,703.919,7.92,88.93,3.01,0,0,21.99
4,677.28,5.24,80.25,25.26,0,0,8.503
4,610.84,13.76,76.07,13.5,0,0,17.118
4,305.64,7.24,71.52,44.38,0,1,25.931
4,199,13.08,81.06,14.99,1,0,12.622
4,160.639,3.72,79.68,3.43,0,0,23.399
4,69.319,21.4,72.91,46.12,0,1,26.4
4,39.119,20.6,86.69,26.16,0,0,2.364
1,262.92,17.16,62.64,31.07,0,1,26.806
1,205.759,15.24,77.82,47.41,0,1,24.933
2,291.76,11,92.5,39.5,1,0,14.977
2,253.44,10.8,88.17,26.38,1,0,1.496
2,186.559,15.56,84.17,20.76,0,0,6.241
2,0.779,0.779,45.79,27.5,0,1,43.032
2,641.159,16.44,89.88,2.39,1,1,22.638
2,611.559,15.28,91.11,9.73,1,0,15.451
2,556.84,11.8,62.91,36.2,0,1,28.162
3,597.84,16.84,10.88,2.99,0,1,22.718
3,291.44,15,3.69,25.55,1,0,1.654
3,258.119,9.36,5.48,19.64,0,0,5.364
3,216.559,3.88,5.04,42.57,0,0,17.571
3,0.74,0.74,33.26,44.51,0,1,34.135
4,682.96,15,28.44,13.83,1,1,25.739
4,607.479,15.08,7.17,27.19,1,0,2.912
4,464.279,15.04,29.52,24.77,0,1,24.271
4,297.559,13.08,12.73,15.22,1,0,12.312
4,14.859,14.859,7.65,15.73,0,0,9.575
1,689.64,10.96,15.49,48.5,0,1,25.634
1,440.6,4.24,6.5,44.5,1,0,19.54
1,385.359,21.6,10.12,26.52,1,0,5.101
1,369.2,17.08,28.93,7.5,1,1,29.444
1,308.519,19.2,31.07,20.5,0,1,26.209
1,159.759,11.32,4.24,1.57,0,1,23.451
2,205.559,13.84,6.79,22.21,1,0,3.186
2,103.599,17.76,22.93,30.5,0,0,18.515
2,46.599,13.6,6.11,24.95,1,0,0.861
2,675.84,10.68,5.13,47.65,0,1,22.65
2,606.239,18.52,7.74,28.75,1,0,4.501
2,524.64,21.56,32.74,24.7,0,1,27.491
2,434.44,7.12,7.43,1.96,0,1,23.142
3,565.159,14.2,80.94,48.45,1,1,24.716
3,375.44,17.16,67.5,39.07,0,1,25.485
3,176.679,11.68,64.5,39.21,1,1,28.106
3,142.039,14.52,64.5,33.5,1,1,25.696
4,693.799,14.72,85.97,33.01,0,0,8.478
4,551.28,6.44,88.74,23.26,1,0,1.74
4,517.08,8.28,84.77,1.8,1,1,23.538
4,447,5.16,83.7,25.87,1,0,5.124
4,335.119,5.08,89.39,1.69,0,1,23.318
4,295.679,1.72,90.23,2.63,0,1,22.418
1,696.76,2.64,67.74,39.64,0,1,25.607
1,532.28,22.16,70.38,41.93,1,1,24.981
1,478.279,1.28,91.18,8.89,0,0,16.292
1,413.519,14.64,89.13,2.05,0,1,22.953
1,371.399,7.24,88.09,29.59,0,0,4.637
2,244.88,13.56,63.56,28.73,1,1,25.464
2,60.88,19.48,81.39,23.82,1,0,7.453
2,30.219,18,62.53,14.51,0,1,28.24
2,492.799,21.08,84.42,24.61,0,0,4.347
2,485.72,20.32,65.71,5.52,0,1,30.171
3,634.44,18.8,31.8,15.07,0,1,28.346
3,325.04,12.44,3.66,1.96,1,1,23.094
3,240.679,14.36,5.68,47.55,1,1,22.554
3,211.199,11.16,5.34,28.6,1,0,3.601
3,173.24,6.96,24.68,41.46,1,1,25.464
3,133.72,21.08,32.42,32.56,1,1,28.202
4,625.4,5.12,6.99,21.52,1,0,3.89
4,596.84,7.4,3.12,2.03,0,1,23.068
4,435.119,11.88,27.62,36.29,1,1,25.057
4,403.32,7.64,6.4,22.24,0,0,2.99
4,136.52,9,33.03,19.53,0,1,28.313
4,50.4,2.6,21.25,43.56,0,1,24.504
1,600.76,20,31.64,15.64,1,1,28
1,568.239,13.16,5.5,32.5,1,0,7.504
1,404.88,15.24,33.79,21.5,1,1,28.753
1,291.04,2.64,7.59,20.95,0,0,4.677
1,201.399,15.88,13.53,13.52,1,0,14.154
2,389.88,21.68,4.93,23.58,1,0,1.455
2,270.04,8.92,10.19,19.39,1,0,7.475
2,210.759,15.24,12.21,2.41,0,1,23.637
2,57.439,17.36,19.5,5.79,0,1,23.918
2,0.6,0.6,34.93,43.5,1,1,34.973
2,665.4,17.76,20.93,43.79,0,1,24.472
2,564.84,17.8,22.3,32.65,0,0,18.687
3,245.44,17.52,66.5,7.5,1,1,28.307
3,222.199,19.56,62.51,28.52,0,1,26.475
4,687.799,11.68,86.5,29.31,0,0,4.861
4,681.119,20.68,88.5,48.64,0,1,23.641
4,628.799,8.36,72.21,8.5,0,0,23.362
4,439.119,12.68,68.5,40.5,0,1,25.501
4,279.839,15.8,67.64,9.5,1,1,26.189
4,156.72,10.04,87.93,20.56,1,0,4.515
4,108.879,12.36,83.32,9.18,0,0,16.725
4,23.92,15.88,88.31,26,1,0,1.092
5,35.54,4.36,89.76,26.63,0,0,1.917
1,586.359,14.72,7.36,28.5,1,0,4.086
1,465.48,20.76,25.5,47.5,0,1,30.27
1,266.88,16.52,34.29,19.75,0,1,29.51
1,246.88,18.2,29.3,13.12,1,1,26.824
1,185.199,9.56,3.22,2.39,0,1,22.7
1,133.44,15.96,8.18,27.03,1,0,3.564
1,32.439,19.6,31.2,37.4,0,1,28.76
1,21.459,8.6,8.28,24.05,0,0,3.175
2,374.519,16.76,23.5,41.64,1,1,24.697
2,314.239,8.8,5.7,22.6,0,0,2.441
2,126.76,15.88,29.67,39.63,1,1,28.467
2,66.839,19.44,31.43,21.53,1,1,26.408
2,31.5,7.72,24.53,8.1,0,1,25.638
3,477.44,14.2,85.04,23.44,0,0,4.024
3,398.76,10.36,87.54,48.38,0,1,23.411
3,223.759,13.24,85.53,20.72,0,0,5.356
3,185.199,4.68,62.56,25.3,0,1,26.191
3,1.919,1.919,90.27,1.15,0,1,23.898
4,702.719,9.8,85.64,25.78,0,0,3.206
4,693.599,16.64,85.28,28.2,0,0,4.72
4,646.119,11.04,66.93,37.36,1,1,25.077
4,614.599,16.04,87.71,47.42,1,1,22.444
4,543.88,7.96,88.65,22.25,0,0,2.751
4,476.279,0.8,61.95,10.62,1,1,30.414
4,345.88,6.28,88.61,47.44,1,1,22.44
4,215.119,10.48,68.5,5.5,1,1,28.112
1,610.719,18.36,89.7,2.34,0,1,22.679
1,360.04,17.48,87.36,23.11,0,0,2.346
1,266.72,19.24,62.21,37.5,0,1,29.336
1,221.279,15.12,86.6,20.96,1,0,4.576
2,545.44,0.08,91.49,2.27,0,1,22.894
2,633.599,9.88,85.36,24.5,0,0,3.426
2,612.119,15.36,69.07,42.5,0,1,26.335
2,582.96,14.16,66.21,37.5,0,1,25.774
3,618.359,22.36,13.18,25.15,0,0,7.931
3,597.64,19.52,10.74,7.01,0,0,18.809
3,482.519,19.84,21.5,47.5,0,1,27.754
3,380.16,13.56,3.76,2.22,0,1,22.828
4,610.64,13.44,27.36,35.36,0,1,24.416
4,588.039,16.96,14.7,17.32,0,0,12.177
4,465.799,21.24,30.5,25.5,0,1,25.254
4,181.16,13.92,6.78,22.78,1,0,2.696
4,159.199,18.48,28.5,38.5,1,1,26.885
1,706.44,14.04,87.29,24.14,1,0,1.694
1,617.64,17.84,88.27,27.57,0,0,2.614
1,565.84,11.48,88.71,21.87,1,0,3.13
1,531.599,17.56,61.79,31.07,1,1,27.634
1,490.64,3.64,59.64,18.5,0,1,29.826
1,370.239,22.88,63.64,21.5,1,1,25.352
1,0.939,0.939,85.64,31.57,0,0,7.268
2,440.32,11.92,90.6,3.81,0,0,21.27
2,310.6,1.56,90.95,3.01,0,0,22.099
2,249.24,17.16,89.6,28.5,1,0,3.601
2,221.72,14.12,81.5,45.5,0,0,21.744
2,195,12.2,63.5,12.5,1,1,28.174
2,6.92,6.92,70.46,3.71,1,1,28.067
2,682.96,9.2,64.21,29.5,0,1,24.949
3,656.479,16.4,16.82,11.31,1,0,17.924
3,620.84,11.68,29.36,30.5,0,1,24.729
3,578.479,11,9.1,48.46,0,1,23.773
3,417.839,16.28,30.79,23.93,0,1,25.562
3,313.119,5.2,4.65,23.51,1,0,1.606
3,258.92,15.36,31.5,28.5,0,1,26.482
4,672.96,5.2,4.52,48.03,1,1,23.041
4,589.32,13.16,33.5,21.5,1,1,28.465
4,556.08,10.76,13.5,47.5,0,1,23.964
4,523.919,8.72,23.5,45.5,0,1,27.446
4,384.32,12.64,4.49,47.83,1,1,22.842
4,351,8.84,17.5,32.07,0,0,14.143
4,315.04,0.44,31.21,29.21,0,1,26.299
4,269.72,12,6.64,26.07,0,0,1.754
4,230.119,3.56,9.37,19.07,0,0,7.22
